sim_event_id,label,avg_js_distance,avg_language_distance,avg_emoji_difference,REAL MADRID VS BARCELONA _ EL CLASICO LIVE REACTION!_chat_log.csv vs REAL MADRID VS FC BARCELONA EN DIRECTO _ EL CLÁSICO _ LALIGA _ Tiempo de Juego COPE _ EN VIVO_chat_log.csv (lex),REAL MADRID VS BARCELONA _ EL CLASICO LIVE REACTION!_chat_log.csv vs REAL MADRID VS FC BARCELONA EN DIRECTO _ EL CLÁSICO _ LALIGA _ Tiempo de Juego COPE _ EN VIVO_chat_log.csv (lang),REAL MADRID VS BARCELONA _ EL CLASICO LIVE REACTION!_chat_log.csv vs REAL MADRID VS FC BARCELONA EN DIRECTO _ EL CLÁSICO _ LALIGA _ Tiempo de Juego COPE _ EN VIVO_chat_log.csv (emoji),REAL MADRID VS BARCELONA _ EL CLASICO LIVE REACTION!_chat_log.csv vs Real Madrid vs Barcelona El Clasico Watchalong LaLiga LIVE _ TFHD_chat_log.csv (lex),REAL MADRID VS BARCELONA _ EL CLASICO LIVE REACTION!_chat_log.csv vs Real Madrid vs Barcelona El Clasico Watchalong LaLiga LIVE _ TFHD_chat_log.csv (lang),REAL MADRID VS BARCELONA _ EL CLASICO LIVE REACTION!_chat_log.csv vs Real Madrid vs Barcelona El Clasico Watchalong LaLiga LIVE _ TFHD_chat_log.csv (emoji),REAL MADRID VS BARCELONA _ EL CLASICO LIVE REACTION!_chat_log.csv vs Real Madrid vs Barcelona _ La Liga LIVE WATCHALONG_chat_log.csv (lex),REAL MADRID VS BARCELONA _ EL CLASICO LIVE REACTION!_chat_log.csv vs Real Madrid vs Barcelona _ La Liga LIVE WATCHALONG_chat_log.csv (lang),REAL MADRID VS BARCELONA _ EL CLASICO LIVE REACTION!_chat_log.csv vs Real Madrid vs Barcelona _ La Liga LIVE WATCHALONG_chat_log.csv (emoji),REAL MADRID VS BARCELONA _ EL CLASICO LIVE REACTION!_chat_log.csv vs Real Madrid vs Barcelona _EL CLASICO_ Laliga 2025 Live Reaction_chat_log.csv (lex),REAL MADRID VS BARCELONA _ EL CLASICO LIVE REACTION!_chat_log.csv vs Real Madrid vs Barcelona _EL CLASICO_ Laliga 2025 Live Reaction_chat_log.csv (lang),REAL MADRID VS BARCELONA _ EL CLASICO LIVE REACTION!_chat_log.csv vs Real Madrid vs Barcelona _EL CLASICO_ Laliga 2025 Live Reaction_chat_log.csv (emoji),REAL MADRID VS BARCELONA _ EL CLASICO LIVE REACTION!_chat_log.csv vs ⏱️ MINUTO A MINUTO _ Real Madrid vs Barcelona _ El Clásico_chat_log.csv (lex),REAL MADRID VS BARCELONA _ EL CLASICO LIVE REACTION!_chat_log.csv vs ⏱️ MINUTO A MINUTO _ Real Madrid vs Barcelona _ El Clásico_chat_log.csv (lang),REAL MADRID VS BARCELONA _ EL CLASICO LIVE REACTION!_chat_log.csv vs ⏱️ MINUTO A MINUTO _ Real Madrid vs Barcelona _ El Clásico_chat_log.csv (emoji),REAL MADRID VS BARCELONA _ EL CLASICO LIVE REACTION!_chat_log.csv vs ⚽️ REAL MADRID vs FC BARCELONA _ #LaLiga 25_26 - Jornada 10 _ 'EL CLÁSICO' EN DIRECTO_chat_log.csv (lex),REAL MADRID VS BARCELONA _ EL CLASICO LIVE REACTION!_chat_log.csv vs ⚽️ REAL MADRID vs FC BARCELONA _ #LaLiga 25_26 - Jornada 10 _ 'EL CLÁSICO' EN DIRECTO_chat_log.csv (lang),REAL MADRID VS BARCELONA _ EL CLASICO LIVE REACTION!_chat_log.csv vs ⚽️ REAL MADRID vs FC BARCELONA _ #LaLiga 25_26 - Jornada 10 _ 'EL CLÁSICO' EN DIRECTO_chat_log.csv (emoji),REAL MADRID VS BARCELONA _ EL CLASICO LIVE REACTION!_chat_log.csv vs 【LIVE分析】レアルマドリードvsバルセロナ　▷ラ・リーガ｜第10節　エルクラシコ_chat_log.csv (lex),REAL MADRID VS BARCELONA _ EL CLASICO LIVE REACTION!_chat_log.csv vs 【LIVE分析】レアルマドリードvsバルセロナ　▷ラ・リーガ｜第10節　エルクラシコ_chat_log.csv (lang),REAL MADRID VS BARCELONA _ EL CLASICO LIVE REACTION!_chat_log.csv vs 【LIVE分析】レアルマドリードvsバルセロナ　▷ラ・リーガ｜第10節　エルクラシコ_chat_log.csv (emoji),REAL MADRID VS BARCELONA _ EL CLASICO LIVE REACTION!_chat_log.csv vs 【エルクラシコ】レアルマドリード×バルセロナ 0_15キックオフ リアルタイム戦術分析_chat_log.csv (lex),REAL MADRID VS BARCELONA _ EL CLASICO LIVE REACTION!_chat_log.csv vs 【エルクラシコ】レアルマドリード×バルセロナ 0_15キックオフ リアルタイム戦術分析_chat_log.csv (lang),REAL MADRID VS BARCELONA _ EL CLASICO LIVE REACTION!_chat_log.csv vs 【エルクラシコ】レアルマドリード×バルセロナ 0_15キックオフ リアルタイム戦術分析_chat_log.csv (emoji),REAL MADRID VS BARCELONA _ EL CLASICO LIVE REACTION!_chat_log.csv vs 🔴 REAL MADRID - BARCELONE LIVE _ 🚨LE CLASICO POUR LA 1ERE PLACE ! _ 🔥PLACE AU SPECTACLE ! _ LIGA_chat_log.csv (lex),REAL MADRID VS BARCELONA _ EL CLASICO LIVE REACTION!_chat_log.csv vs 🔴 REAL MADRID - BARCELONE LIVE _ 🚨LE CLASICO POUR LA 1ERE PLACE ! _ 🔥PLACE AU SPECTACLE ! _ LIGA_chat_log.csv (lang),REAL MADRID VS BARCELONA _ EL CLASICO LIVE REACTION!_chat_log.csv vs 🔴 REAL MADRID - BARCELONE LIVE _ 🚨LE CLASICO POUR LA 1ERE PLACE ! _ 🔥PLACE AU SPECTACLE ! _ LIGA_chat_log.csv (emoji),REAL MADRID VS FC BARCELONA EN DIRECTO _ EL CLÁSICO _ LALIGA _ Tiempo de Juego COPE _ EN VIVO_chat_log.csv vs Real Madrid vs Barcelona El Clasico Watchalong LaLiga LIVE _ TFHD_chat_log.csv (lex),REAL MADRID VS FC BARCELONA EN DIRECTO _ EL CLÁSICO _ LALIGA _ Tiempo de Juego COPE _ EN VIVO_chat_log.csv vs Real Madrid vs Barcelona El Clasico Watchalong LaLiga LIVE _ TFHD_chat_log.csv (lang),REAL MADRID VS FC BARCELONA EN DIRECTO _ EL CLÁSICO _ LALIGA _ Tiempo de Juego COPE _ EN VIVO_chat_log.csv vs Real Madrid vs Barcelona El Clasico Watchalong LaLiga LIVE _ TFHD_chat_log.csv (emoji),REAL MADRID VS FC BARCELONA EN DIRECTO _ EL CLÁSICO _ LALIGA _ Tiempo de Juego COPE _ EN VIVO_chat_log.csv vs Real Madrid vs Barcelona _ La Liga LIVE WATCHALONG_chat_log.csv (lex),REAL MADRID VS FC BARCELONA EN DIRECTO _ EL CLÁSICO _ LALIGA _ Tiempo de Juego COPE _ EN VIVO_chat_log.csv vs Real Madrid vs Barcelona _ La Liga LIVE WATCHALONG_chat_log.csv (lang),REAL MADRID VS FC BARCELONA EN DIRECTO _ EL CLÁSICO _ LALIGA _ Tiempo de Juego COPE _ EN VIVO_chat_log.csv vs Real Madrid vs Barcelona _ La Liga LIVE WATCHALONG_chat_log.csv (emoji),REAL MADRID VS FC BARCELONA EN DIRECTO _ EL CLÁSICO _ LALIGA _ Tiempo de Juego COPE _ EN VIVO_chat_log.csv vs Real Madrid vs Barcelona _EL CLASICO_ Laliga 2025 Live Reaction_chat_log.csv (lex),REAL MADRID VS FC BARCELONA EN DIRECTO _ EL CLÁSICO _ LALIGA _ Tiempo de Juego COPE _ EN VIVO_chat_log.csv vs Real Madrid vs Barcelona _EL CLASICO_ Laliga 2025 Live Reaction_chat_log.csv (lang),REAL MADRID VS FC BARCELONA EN DIRECTO _ EL CLÁSICO _ LALIGA _ Tiempo de Juego COPE _ EN VIVO_chat_log.csv vs Real Madrid vs Barcelona _EL CLASICO_ Laliga 2025 Live Reaction_chat_log.csv (emoji),REAL MADRID VS FC BARCELONA EN DIRECTO _ EL CLÁSICO _ LALIGA _ Tiempo de Juego COPE _ EN VIVO_chat_log.csv vs ⏱️ MINUTO A MINUTO _ Real Madrid vs Barcelona _ El Clásico_chat_log.csv (lex),REAL MADRID VS FC BARCELONA EN DIRECTO _ EL CLÁSICO _ LALIGA _ Tiempo de Juego COPE _ EN VIVO_chat_log.csv vs ⏱️ MINUTO A MINUTO _ Real Madrid vs Barcelona _ El Clásico_chat_log.csv (lang),REAL MADRID VS FC BARCELONA EN DIRECTO _ EL CLÁSICO _ LALIGA _ Tiempo de Juego COPE _ EN VIVO_chat_log.csv vs ⏱️ MINUTO A MINUTO _ Real Madrid vs Barcelona _ El Clásico_chat_log.csv (emoji),REAL MADRID VS FC BARCELONA EN DIRECTO _ EL CLÁSICO _ LALIGA _ Tiempo de Juego COPE _ EN VIVO_chat_log.csv vs ⚽️ REAL MADRID vs FC BARCELONA _ #LaLiga 25_26 - Jornada 10 _ 'EL CLÁSICO' EN DIRECTO_chat_log.csv (lex),REAL MADRID VS FC BARCELONA EN DIRECTO _ EL CLÁSICO _ LALIGA _ Tiempo de Juego COPE _ EN VIVO_chat_log.csv vs ⚽️ REAL MADRID vs FC BARCELONA _ #LaLiga 25_26 - Jornada 10 _ 'EL CLÁSICO' EN DIRECTO_chat_log.csv (lang),REAL MADRID VS FC BARCELONA EN DIRECTO _ EL CLÁSICO _ LALIGA _ Tiempo de Juego COPE _ EN VIVO_chat_log.csv vs ⚽️ REAL MADRID vs FC BARCELONA _ #LaLiga 25_26 - Jornada 10 _ 'EL CLÁSICO' EN DIRECTO_chat_log.csv (emoji),REAL MADRID VS FC BARCELONA EN DIRECTO _ EL CLÁSICO _ LALIGA _ Tiempo de Juego COPE _ EN VIVO_chat_log.csv vs 【LIVE分析】レアルマドリードvsバルセロナ　▷ラ・リーガ｜第10節　エルクラシコ_chat_log.csv (lex),REAL MADRID VS FC BARCELONA EN DIRECTO _ EL CLÁSICO _ LALIGA _ Tiempo de Juego COPE _ EN VIVO_chat_log.csv vs 【LIVE分析】レアルマドリードvsバルセロナ　▷ラ・リーガ｜第10節　エルクラシコ_chat_log.csv (lang),REAL MADRID VS FC BARCELONA EN DIRECTO _ EL CLÁSICO _ LALIGA _ Tiempo de Juego COPE _ EN VIVO_chat_log.csv vs 【LIVE分析】レアルマドリードvsバルセロナ　▷ラ・リーガ｜第10節　エルクラシコ_chat_log.csv (emoji),REAL MADRID VS FC BARCELONA EN DIRECTO _ EL CLÁSICO _ LALIGA _ Tiempo de Juego COPE _ EN VIVO_chat_log.csv vs 【エルクラシコ】レアルマドリード×バルセロナ 0_15キックオフ リアルタイム戦術分析_chat_log.csv (lex),REAL MADRID VS FC BARCELONA EN DIRECTO _ EL CLÁSICO _ LALIGA _ Tiempo de Juego COPE _ EN VIVO_chat_log.csv vs 【エルクラシコ】レアルマドリード×バルセロナ 0_15キックオフ リアルタイム戦術分析_chat_log.csv (lang),REAL MADRID VS FC BARCELONA EN DIRECTO _ EL CLÁSICO _ LALIGA _ Tiempo de Juego COPE _ EN VIVO_chat_log.csv vs 【エルクラシコ】レアルマドリード×バルセロナ 0_15キックオフ リアルタイム戦術分析_chat_log.csv (emoji),REAL MADRID VS FC BARCELONA EN DIRECTO _ EL CLÁSICO _ LALIGA _ Tiempo de Juego COPE _ EN VIVO_chat_log.csv vs 🔴 REAL MADRID - BARCELONE LIVE _ 🚨LE CLASICO POUR LA 1ERE PLACE ! _ 🔥PLACE AU SPECTACLE ! _ LIGA_chat_log.csv (lex),REAL MADRID VS FC BARCELONA EN DIRECTO _ EL CLÁSICO _ LALIGA _ Tiempo de Juego COPE _ EN VIVO_chat_log.csv vs 🔴 REAL MADRID - BARCELONE LIVE _ 🚨LE CLASICO POUR LA 1ERE PLACE ! _ 🔥PLACE AU SPECTACLE ! _ LIGA_chat_log.csv (lang),REAL MADRID VS FC BARCELONA EN DIRECTO _ EL CLÁSICO _ LALIGA _ Tiempo de Juego COPE _ EN VIVO_chat_log.csv vs 🔴 REAL MADRID - BARCELONE LIVE _ 🚨LE CLASICO POUR LA 1ERE PLACE ! _ 🔥PLACE AU SPECTACLE ! _ LIGA_chat_log.csv (emoji),Real Madrid vs Barcelona El Clasico Watchalong LaLiga LIVE _ TFHD_chat_log.csv vs Real Madrid vs Barcelona _ La Liga LIVE WATCHALONG_chat_log.csv (lex),Real Madrid vs Barcelona El Clasico Watchalong LaLiga LIVE _ TFHD_chat_log.csv vs Real Madrid vs Barcelona _ La Liga LIVE WATCHALONG_chat_log.csv (lang),Real Madrid vs Barcelona El Clasico Watchalong LaLiga LIVE _ TFHD_chat_log.csv vs Real Madrid vs Barcelona _ La Liga LIVE WATCHALONG_chat_log.csv (emoji),Real Madrid vs Barcelona El Clasico Watchalong LaLiga LIVE _ TFHD_chat_log.csv vs Real Madrid vs Barcelona _EL CLASICO_ Laliga 2025 Live Reaction_chat_log.csv (lex),Real Madrid vs Barcelona El Clasico Watchalong LaLiga LIVE _ TFHD_chat_log.csv vs Real Madrid vs Barcelona _EL CLASICO_ Laliga 2025 Live Reaction_chat_log.csv (lang),Real Madrid vs Barcelona El Clasico Watchalong LaLiga LIVE _ TFHD_chat_log.csv vs Real Madrid vs Barcelona _EL CLASICO_ Laliga 2025 Live Reaction_chat_log.csv (emoji),Real Madrid vs Barcelona El Clasico Watchalong LaLiga LIVE _ TFHD_chat_log.csv vs ⏱️ MINUTO A MINUTO _ Real Madrid vs Barcelona _ El Clásico_chat_log.csv (lex),Real Madrid vs Barcelona El Clasico Watchalong LaLiga LIVE _ TFHD_chat_log.csv vs ⏱️ MINUTO A MINUTO _ Real Madrid vs Barcelona _ El Clásico_chat_log.csv (lang),Real Madrid vs Barcelona El Clasico Watchalong LaLiga LIVE _ TFHD_chat_log.csv vs ⏱️ MINUTO A MINUTO _ Real Madrid vs Barcelona _ El Clásico_chat_log.csv (emoji),Real Madrid vs Barcelona El Clasico Watchalong LaLiga LIVE _ TFHD_chat_log.csv vs ⚽️ REAL MADRID vs FC BARCELONA _ #LaLiga 25_26 - Jornada 10 _ 'EL CLÁSICO' EN DIRECTO_chat_log.csv (lex),Real Madrid vs Barcelona El Clasico Watchalong LaLiga LIVE _ TFHD_chat_log.csv vs ⚽️ REAL MADRID vs FC BARCELONA _ #LaLiga 25_26 - Jornada 10 _ 'EL CLÁSICO' EN DIRECTO_chat_log.csv (lang),Real Madrid vs Barcelona El Clasico Watchalong LaLiga LIVE _ TFHD_chat_log.csv vs ⚽️ REAL MADRID vs FC BARCELONA _ #LaLiga 25_26 - Jornada 10 _ 'EL CLÁSICO' EN DIRECTO_chat_log.csv (emoji),Real Madrid vs Barcelona El Clasico Watchalong LaLiga LIVE _ TFHD_chat_log.csv vs 【LIVE分析】レアルマドリードvsバルセロナ　▷ラ・リーガ｜第10節　エルクラシコ_chat_log.csv (lex),Real Madrid vs Barcelona El Clasico Watchalong LaLiga LIVE _ TFHD_chat_log.csv vs 【LIVE分析】レアルマドリードvsバルセロナ　▷ラ・リーガ｜第10節　エルクラシコ_chat_log.csv (lang),Real Madrid vs Barcelona El Clasico Watchalong LaLiga LIVE _ TFHD_chat_log.csv vs 【LIVE分析】レアルマドリードvsバルセロナ　▷ラ・リーガ｜第10節　エルクラシコ_chat_log.csv (emoji),Real Madrid vs Barcelona El Clasico Watchalong LaLiga LIVE _ TFHD_chat_log.csv vs 【エルクラシコ】レアルマドリード×バルセロナ 0_15キックオフ リアルタイム戦術分析_chat_log.csv (lex),Real Madrid vs Barcelona El Clasico Watchalong LaLiga LIVE _ TFHD_chat_log.csv vs 【エルクラシコ】レアルマドリード×バルセロナ 0_15キックオフ リアルタイム戦術分析_chat_log.csv (lang),Real Madrid vs Barcelona El Clasico Watchalong LaLiga LIVE _ TFHD_chat_log.csv vs 【エルクラシコ】レアルマドリード×バルセロナ 0_15キックオフ リアルタイム戦術分析_chat_log.csv (emoji),Real Madrid vs Barcelona El Clasico Watchalong LaLiga LIVE _ TFHD_chat_log.csv vs 🔴 REAL MADRID - BARCELONE LIVE _ 🚨LE CLASICO POUR LA 1ERE PLACE ! _ 🔥PLACE AU SPECTACLE ! _ LIGA_chat_log.csv (lex),Real Madrid vs Barcelona El Clasico Watchalong LaLiga LIVE _ TFHD_chat_log.csv vs 🔴 REAL MADRID - BARCELONE LIVE _ 🚨LE CLASICO POUR LA 1ERE PLACE ! _ 🔥PLACE AU SPECTACLE ! _ LIGA_chat_log.csv (lang),Real Madrid vs Barcelona El Clasico Watchalong LaLiga LIVE _ TFHD_chat_log.csv vs 🔴 REAL MADRID - BARCELONE LIVE _ 🚨LE CLASICO POUR LA 1ERE PLACE ! _ 🔥PLACE AU SPECTACLE ! _ LIGA_chat_log.csv (emoji),Real Madrid vs Barcelona _ La Liga LIVE WATCHALONG_chat_log.csv vs Real Madrid vs Barcelona _EL CLASICO_ Laliga 2025 Live Reaction_chat_log.csv (lex),Real Madrid vs Barcelona _ La Liga LIVE WATCHALONG_chat_log.csv vs Real Madrid vs Barcelona _EL CLASICO_ Laliga 2025 Live Reaction_chat_log.csv (lang),Real Madrid vs Barcelona _ La Liga LIVE WATCHALONG_chat_log.csv vs Real Madrid vs Barcelona _EL CLASICO_ Laliga 2025 Live Reaction_chat_log.csv (emoji),Real Madrid vs Barcelona _ La Liga LIVE WATCHALONG_chat_log.csv vs ⏱️ MINUTO A MINUTO _ Real Madrid vs Barcelona _ El Clásico_chat_log.csv (lex),Real Madrid vs Barcelona _ La Liga LIVE WATCHALONG_chat_log.csv vs ⏱️ MINUTO A MINUTO _ Real Madrid vs Barcelona _ El Clásico_chat_log.csv (lang),Real Madrid vs Barcelona _ La Liga LIVE WATCHALONG_chat_log.csv vs ⏱️ MINUTO A MINUTO _ Real Madrid vs Barcelona _ El Clásico_chat_log.csv (emoji),Real Madrid vs Barcelona _ La Liga LIVE WATCHALONG_chat_log.csv vs ⚽️ REAL MADRID vs FC BARCELONA _ #LaLiga 25_26 - Jornada 10 _ 'EL CLÁSICO' EN DIRECTO_chat_log.csv (lex),Real Madrid vs Barcelona _ La Liga LIVE WATCHALONG_chat_log.csv vs ⚽️ REAL MADRID vs FC BARCELONA _ #LaLiga 25_26 - Jornada 10 _ 'EL CLÁSICO' EN DIRECTO_chat_log.csv (lang),Real Madrid vs Barcelona _ La Liga LIVE WATCHALONG_chat_log.csv vs ⚽️ REAL MADRID vs FC BARCELONA _ #LaLiga 25_26 - Jornada 10 _ 'EL CLÁSICO' EN DIRECTO_chat_log.csv (emoji),Real Madrid vs Barcelona _ La Liga LIVE WATCHALONG_chat_log.csv vs 【LIVE分析】レアルマドリードvsバルセロナ　▷ラ・リーガ｜第10節　エルクラシコ_chat_log.csv (lex),Real Madrid vs Barcelona _ La Liga LIVE WATCHALONG_chat_log.csv vs 【LIVE分析】レアルマドリードvsバルセロナ　▷ラ・リーガ｜第10節　エルクラシコ_chat_log.csv (lang),Real Madrid vs Barcelona _ La Liga LIVE WATCHALONG_chat_log.csv vs 【LIVE分析】レアルマドリードvsバルセロナ　▷ラ・リーガ｜第10節　エルクラシコ_chat_log.csv (emoji),Real Madrid vs Barcelona _ La Liga LIVE WATCHALONG_chat_log.csv vs 【エルクラシコ】レアルマドリード×バルセロナ 0_15キックオフ リアルタイム戦術分析_chat_log.csv (lex),Real Madrid vs Barcelona _ La Liga LIVE WATCHALONG_chat_log.csv vs 【エルクラシコ】レアルマドリード×バルセロナ 0_15キックオフ リアルタイム戦術分析_chat_log.csv (lang),Real Madrid vs Barcelona _ La Liga LIVE WATCHALONG_chat_log.csv vs 【エルクラシコ】レアルマドリード×バルセロナ 0_15キックオフ リアルタイム戦術分析_chat_log.csv (emoji),Real Madrid vs Barcelona _ La Liga LIVE WATCHALONG_chat_log.csv vs 🔴 REAL MADRID - BARCELONE LIVE _ 🚨LE CLASICO POUR LA 1ERE PLACE ! _ 🔥PLACE AU SPECTACLE ! _ LIGA_chat_log.csv (lex),Real Madrid vs Barcelona _ La Liga LIVE WATCHALONG_chat_log.csv vs 🔴 REAL MADRID - BARCELONE LIVE _ 🚨LE CLASICO POUR LA 1ERE PLACE ! _ 🔥PLACE AU SPECTACLE ! _ LIGA_chat_log.csv (lang),Real Madrid vs Barcelona _ La Liga LIVE WATCHALONG_chat_log.csv vs 🔴 REAL MADRID - BARCELONE LIVE _ 🚨LE CLASICO POUR LA 1ERE PLACE ! _ 🔥PLACE AU SPECTACLE ! _ LIGA_chat_log.csv (emoji),Real Madrid vs Barcelona _EL CLASICO_ Laliga 2025 Live Reaction_chat_log.csv vs ⏱️ MINUTO A MINUTO _ Real Madrid vs Barcelona _ El Clásico_chat_log.csv (lex),Real Madrid vs Barcelona _EL CLASICO_ Laliga 2025 Live Reaction_chat_log.csv vs ⏱️ MINUTO A MINUTO _ Real Madrid vs Barcelona _ El Clásico_chat_log.csv (lang),Real Madrid vs Barcelona _EL CLASICO_ Laliga 2025 Live Reaction_chat_log.csv vs ⏱️ MINUTO A MINUTO _ Real Madrid vs Barcelona _ El Clásico_chat_log.csv (emoji),Real Madrid vs Barcelona _EL CLASICO_ Laliga 2025 Live Reaction_chat_log.csv vs ⚽️ REAL MADRID vs FC BARCELONA _ #LaLiga 25_26 - Jornada 10 _ 'EL CLÁSICO' EN DIRECTO_chat_log.csv (lex),Real Madrid vs Barcelona _EL CLASICO_ Laliga 2025 Live Reaction_chat_log.csv vs ⚽️ REAL MADRID vs FC BARCELONA _ #LaLiga 25_26 - Jornada 10 _ 'EL CLÁSICO' EN DIRECTO_chat_log.csv (lang),Real Madrid vs Barcelona _EL CLASICO_ Laliga 2025 Live Reaction_chat_log.csv vs ⚽️ REAL MADRID vs FC BARCELONA _ #LaLiga 25_26 - Jornada 10 _ 'EL CLÁSICO' EN DIRECTO_chat_log.csv (emoji),Real Madrid vs Barcelona _EL CLASICO_ Laliga 2025 Live Reaction_chat_log.csv vs 【LIVE分析】レアルマドリードvsバルセロナ　▷ラ・リーガ｜第10節　エルクラシコ_chat_log.csv (lex),Real Madrid vs Barcelona _EL CLASICO_ Laliga 2025 Live Reaction_chat_log.csv vs 【LIVE分析】レアルマドリードvsバルセロナ　▷ラ・リーガ｜第10節　エルクラシコ_chat_log.csv (lang),Real Madrid vs Barcelona _EL CLASICO_ Laliga 2025 Live Reaction_chat_log.csv vs 【LIVE分析】レアルマドリードvsバルセロナ　▷ラ・リーガ｜第10節　エルクラシコ_chat_log.csv (emoji),Real Madrid vs Barcelona _EL CLASICO_ Laliga 2025 Live Reaction_chat_log.csv vs 【エルクラシコ】レアルマドリード×バルセロナ 0_15キックオフ リアルタイム戦術分析_chat_log.csv (lex),Real Madrid vs Barcelona _EL CLASICO_ Laliga 2025 Live Reaction_chat_log.csv vs 【エルクラシコ】レアルマドリード×バルセロナ 0_15キックオフ リアルタイム戦術分析_chat_log.csv (lang),Real Madrid vs Barcelona _EL CLASICO_ Laliga 2025 Live Reaction_chat_log.csv vs 【エルクラシコ】レアルマドリード×バルセロナ 0_15キックオフ リアルタイム戦術分析_chat_log.csv (emoji),Real Madrid vs Barcelona _EL CLASICO_ Laliga 2025 Live Reaction_chat_log.csv vs 🔴 REAL MADRID - BARCELONE LIVE _ 🚨LE CLASICO POUR LA 1ERE PLACE ! _ 🔥PLACE AU SPECTACLE ! _ LIGA_chat_log.csv (lex),Real Madrid vs Barcelona _EL CLASICO_ Laliga 2025 Live Reaction_chat_log.csv vs 🔴 REAL MADRID - BARCELONE LIVE _ 🚨LE CLASICO POUR LA 1ERE PLACE ! _ 🔥PLACE AU SPECTACLE ! _ LIGA_chat_log.csv (lang),Real Madrid vs Barcelona _EL CLASICO_ Laliga 2025 Live Reaction_chat_log.csv vs 🔴 REAL MADRID - BARCELONE LIVE _ 🚨LE CLASICO POUR LA 1ERE PLACE ! _ 🔥PLACE AU SPECTACLE ! _ LIGA_chat_log.csv (emoji),⏱️ MINUTO A MINUTO _ Real Madrid vs Barcelona _ El Clásico_chat_log.csv vs ⚽️ REAL MADRID vs FC BARCELONA _ #LaLiga 25_26 - Jornada 10 _ 'EL CLÁSICO' EN DIRECTO_chat_log.csv (lex),⏱️ MINUTO A MINUTO _ Real Madrid vs Barcelona _ El Clásico_chat_log.csv vs ⚽️ REAL MADRID vs FC BARCELONA _ #LaLiga 25_26 - Jornada 10 _ 'EL CLÁSICO' EN DIRECTO_chat_log.csv (lang),⏱️ MINUTO A MINUTO _ Real Madrid vs Barcelona _ El Clásico_chat_log.csv vs ⚽️ REAL MADRID vs FC BARCELONA _ #LaLiga 25_26 - Jornada 10 _ 'EL CLÁSICO' EN DIRECTO_chat_log.csv (emoji),⏱️ MINUTO A MINUTO _ Real Madrid vs Barcelona _ El Clásico_chat_log.csv vs 【LIVE分析】レアルマドリードvsバルセロナ　▷ラ・リーガ｜第10節　エルクラシコ_chat_log.csv (lex),⏱️ MINUTO A MINUTO _ Real Madrid vs Barcelona _ El Clásico_chat_log.csv vs 【LIVE分析】レアルマドリードvsバルセロナ　▷ラ・リーガ｜第10節　エルクラシコ_chat_log.csv (lang),⏱️ MINUTO A MINUTO _ Real Madrid vs Barcelona _ El Clásico_chat_log.csv vs 【LIVE分析】レアルマドリードvsバルセロナ　▷ラ・リーガ｜第10節　エルクラシコ_chat_log.csv (emoji),⏱️ MINUTO A MINUTO _ Real Madrid vs Barcelona _ El Clásico_chat_log.csv vs 【エルクラシコ】レアルマドリード×バルセロナ 0_15キックオフ リアルタイム戦術分析_chat_log.csv (lex),⏱️ MINUTO A MINUTO _ Real Madrid vs Barcelona _ El Clásico_chat_log.csv vs 【エルクラシコ】レアルマドリード×バルセロナ 0_15キックオフ リアルタイム戦術分析_chat_log.csv (lang),⏱️ MINUTO A MINUTO _ Real Madrid vs Barcelona _ El Clásico_chat_log.csv vs 【エルクラシコ】レアルマドリード×バルセロナ 0_15キックオフ リアルタイム戦術分析_chat_log.csv (emoji),⏱️ MINUTO A MINUTO _ Real Madrid vs Barcelona _ El Clásico_chat_log.csv vs 🔴 REAL MADRID - BARCELONE LIVE _ 🚨LE CLASICO POUR LA 1ERE PLACE ! _ 🔥PLACE AU SPECTACLE ! _ LIGA_chat_log.csv (lex),⏱️ MINUTO A MINUTO _ Real Madrid vs Barcelona _ El Clásico_chat_log.csv vs 🔴 REAL MADRID - BARCELONE LIVE _ 🚨LE CLASICO POUR LA 1ERE PLACE ! _ 🔥PLACE AU SPECTACLE ! _ LIGA_chat_log.csv (lang),⏱️ MINUTO A MINUTO _ Real Madrid vs Barcelona _ El Clásico_chat_log.csv vs 🔴 REAL MADRID - BARCELONE LIVE _ 🚨LE CLASICO POUR LA 1ERE PLACE ! _ 🔥PLACE AU SPECTACLE ! _ LIGA_chat_log.csv (emoji),⚽️ REAL MADRID vs FC BARCELONA _ #LaLiga 25_26 - Jornada 10 _ 'EL CLÁSICO' EN DIRECTO_chat_log.csv vs 【LIVE分析】レアルマドリードvsバルセロナ　▷ラ・リーガ｜第10節　エルクラシコ_chat_log.csv (lex),⚽️ REAL MADRID vs FC BARCELONA _ #LaLiga 25_26 - Jornada 10 _ 'EL CLÁSICO' EN DIRECTO_chat_log.csv vs 【LIVE分析】レアルマドリードvsバルセロナ　▷ラ・リーガ｜第10節　エルクラシコ_chat_log.csv (lang),⚽️ REAL MADRID vs FC BARCELONA _ #LaLiga 25_26 - Jornada 10 _ 'EL CLÁSICO' EN DIRECTO_chat_log.csv vs 【LIVE分析】レアルマドリードvsバルセロナ　▷ラ・リーガ｜第10節　エルクラシコ_chat_log.csv (emoji),⚽️ REAL MADRID vs FC BARCELONA _ #LaLiga 25_26 - Jornada 10 _ 'EL CLÁSICO' EN DIRECTO_chat_log.csv vs 【エルクラシコ】レアルマドリード×バルセロナ 0_15キックオフ リアルタイム戦術分析_chat_log.csv (lex),⚽️ REAL MADRID vs FC BARCELONA _ #LaLiga 25_26 - Jornada 10 _ 'EL CLÁSICO' EN DIRECTO_chat_log.csv vs 【エルクラシコ】レアルマドリード×バルセロナ 0_15キックオフ リアルタイム戦術分析_chat_log.csv (lang),⚽️ REAL MADRID vs FC BARCELONA _ #LaLiga 25_26 - Jornada 10 _ 'EL CLÁSICO' EN DIRECTO_chat_log.csv vs 【エルクラシコ】レアルマドリード×バルセロナ 0_15キックオフ リアルタイム戦術分析_chat_log.csv (emoji),⚽️ REAL MADRID vs FC BARCELONA _ #LaLiga 25_26 - Jornada 10 _ 'EL CLÁSICO' EN DIRECTO_chat_log.csv vs 🔴 REAL MADRID - BARCELONE LIVE _ 🚨LE CLASICO POUR LA 1ERE PLACE ! _ 🔥PLACE AU SPECTACLE ! _ LIGA_chat_log.csv (lex),⚽️ REAL MADRID vs FC BARCELONA _ #LaLiga 25_26 - Jornada 10 _ 'EL CLÁSICO' EN DIRECTO_chat_log.csv vs 🔴 REAL MADRID - BARCELONE LIVE _ 🚨LE CLASICO POUR LA 1ERE PLACE ! _ 🔥PLACE AU SPECTACLE ! _ LIGA_chat_log.csv (lang),⚽️ REAL MADRID vs FC BARCELONA _ #LaLiga 25_26 - Jornada 10 _ 'EL CLÁSICO' EN DIRECTO_chat_log.csv vs 🔴 REAL MADRID - BARCELONE LIVE _ 🚨LE CLASICO POUR LA 1ERE PLACE ! _ 🔥PLACE AU SPECTACLE ! _ LIGA_chat_log.csv (emoji),【LIVE分析】レアルマドリードvsバルセロナ　▷ラ・リーガ｜第10節　エルクラシコ_chat_log.csv vs 【エルクラシコ】レアルマドリード×バルセロナ 0_15キックオフ リアルタイム戦術分析_chat_log.csv (lex),【LIVE分析】レアルマドリードvsバルセロナ　▷ラ・リーガ｜第10節　エルクラシコ_chat_log.csv vs 【エルクラシコ】レアルマドリード×バルセロナ 0_15キックオフ リアルタイム戦術分析_chat_log.csv (lang),【LIVE分析】レアルマドリードvsバルセロナ　▷ラ・リーガ｜第10節　エルクラシコ_chat_log.csv vs 【エルクラシコ】レアルマドリード×バルセロナ 0_15キックオフ リアルタイム戦術分析_chat_log.csv (emoji),【LIVE分析】レアルマドリードvsバルセロナ　▷ラ・リーガ｜第10節　エルクラシコ_chat_log.csv vs 🔴 REAL MADRID - BARCELONE LIVE _ 🚨LE CLASICO POUR LA 1ERE PLACE ! _ 🔥PLACE AU SPECTACLE ! _ LIGA_chat_log.csv (lex),【LIVE分析】レアルマドリードvsバルセロナ　▷ラ・リーガ｜第10節　エルクラシコ_chat_log.csv vs 🔴 REAL MADRID - BARCELONE LIVE _ 🚨LE CLASICO POUR LA 1ERE PLACE ! _ 🔥PLACE AU SPECTACLE ! _ LIGA_chat_log.csv (lang),【LIVE分析】レアルマドリードvsバルセロナ　▷ラ・リーガ｜第10節　エルクラシコ_chat_log.csv vs 🔴 REAL MADRID - BARCELONE LIVE _ 🚨LE CLASICO POUR LA 1ERE PLACE ! _ 🔥PLACE AU SPECTACLE ! _ LIGA_chat_log.csv (emoji),【エルクラシコ】レアルマドリード×バルセロナ 0_15キックオフ リアルタイム戦術分析_chat_log.csv vs 🔴 REAL MADRID - BARCELONE LIVE _ 🚨LE CLASICO POUR LA 1ERE PLACE ! _ 🔥PLACE AU SPECTACLE ! _ LIGA_chat_log.csv (lex),【エルクラシコ】レアルマドリード×バルセロナ 0_15キックオフ リアルタイム戦術分析_chat_log.csv vs 🔴 REAL MADRID - BARCELONE LIVE _ 🚨LE CLASICO POUR LA 1ERE PLACE ! _ 🔥PLACE AU SPECTACLE ! _ LIGA_chat_log.csv (lang),【エルクラシコ】レアルマドリード×バルセロナ 0_15キックオフ リアルタイム戦術分析_chat_log.csv vs 🔴 REAL MADRID - BARCELONE LIVE _ 🚨LE CLASICO POUR LA 1ERE PLACE ! _ 🔥PLACE AU SPECTACLE ! _ LIGA_chat_log.csv (emoji)
0,barcelona・laugh laugh laugh・hala madrid hala・00 from,0.9493596204919612,0.8919035129509898,0.0,0.7672931091616729,0.8325546107401578,0.0,0.7499807192733307,0.4645014036580228,0.0,1.0,0.6167622435332448,0.0,0.7082142880174215,0.46081359108012554,0.0,1.0,1.0,0.0,0.8007043904605645,0.8325546106475604,0.0,1.0,1.0,0.0,1.0,1.0,0.0,1.0,1.0,0.0,0.7999338316659127,0.8325546109672269,0.0,1.0,0.8325546108271589,0.0,0.7842746679582202,0.8325546107480418,0.0,1.0,1.0,0.0,0.7321681908046536,0.0,0.0,1.0,1.0,0.0,1.0,1.0,0.0,1.0,1.0,0.0,1.0,0.8325546107948064,0.0,0.77594391548757,0.5938196412752426,0.0,1.0,1.0,0.0,0.8129164491527116,0.8325546109348745,0.0,1.0,1.0,0.0,1.0,1.0,0.0,1.0,1.0,0.0,1.0,0.5067697061669312,0.0,1.0,1.0,0.0,1.0,0.8325546107948064,0.0,1.0,1.0,0.0,1.0,1.0,0.0,1.0,1.0,0.0,1.0,1.0,0.0,0.7897533601561949,0.832554610626343,0.0,1.0,1.0,0.0,1.0,1.0,0.0,1.0,1.0,0.0,1.0,1.0,0.0,1.0,1.0,0.0,1.0,1.0,0.0,1.0,1.0,0.0,1.0,1.0,0.0,1.0,1.0,0.0,1.0,1.0,0.0,1.0,1.0,0.0,1.0,1.0,0.0,1.0,1.0,0.0
3,barcelona・better・00 from・season,0.9941737112162028,0.9881000311955717,0.0,1.0,1.0,0.0,0.7378170047291258,0.4645014038007248,0.0,1.0,1.0,0.0,1.0,1.0,0.0,1.0,1.0,0.0,1.0,1.0,0.0,1.0,1.0,0.0,1.0,1.0,0.0,1.0,1.0,0.0,1.0,1.0,0.0,1.0,1.0,0.0,1.0,1.0,0.0,1.0,1.0,0.0,1.0,1.0,0.0,1.0,1.0,0.0,1.0,1.0,0.0,1.0,1.0,0.0,1.0,1.0,0.0,1.0,1.0,0.0,1.0,1.0,0.0,1.0,1.0,0.0,1.0,1.0,0.0,1.0,1.0,0.0,1.0,1.0,0.0,1.0,1.0,0.0,1.0,1.0,0.0,1.0,1.0,0.0,1.0,1.0,0.0,1.0,1.0,0.0,1.0,1.0,0.0,1.0,1.0,0.0,1.0,1.0,0.0,1.0,1.0,0.0,1.0,1.0,0.0,1.0,1.0,0.0,1.0,1.0,0.0,1.0,1.0,0.0,1.0,1.0,0.0,1.0,1.0,0.0,1.0,1.0,0.0,1.0,1.0,0.0,1.0,1.0,0.0,1.0,1.0,0.0,1.0,1.0,0.0,1.0,1.0,0.0
12,shut・god・oh my godd・golaazoo,0.9962789913378249,0.7916055202250953,0.0,1.0,0.6122826925586599,0.0,1.0,0.679777992839817,0.0,1.0,0.832554609948933,0.0,1.0,0.6122826922497586,0.0,1.0,1.0,0.0,1.0,0.4747673460702746,0.0,1.0,0.8325546107950591,0.0,1.0,0.8325546108544774,0.0,1.0,0.8325546095084833,0.0,1.0,0.8325546101818888,0.0,1.0,0.5429402531650146,0.0,1.0,0.3792638077014696,0.0,1.0,1.0,0.0,1.0,0.7028268983625826,0.0,1.0,0.8325546107950591,0.0,1.0,0.8325546108544774,0.0,1.0,0.8325546095084833,0.0,1.0,0.832554609948933,0.0,1.0,0.8325546099483436,0.0,1.0,1.0,0.0,0.8325546102021194,0.7028268983625826,0.0,1.0,0.8325546107950591,0.0,1.0,0.8325546108544774,0.0,1.0,0.8325546095084833,0.0,1.0,0.6424372740346523,0.0,1.0,1.0,0.0,1.0,0.5887050101503913,0.0,1.0,0.8325546106751542,0.0,1.0,0.8325546107347109,0.0,1.0,0.8325546093852942,0.0,1.0,1.0,0.0,1.0,0.7028268982576302,0.0,1.0,0.8325546107417097,0.0,1.0,0.8325546108296139,0.0,1.0,0.8325546088408365,0.0,1.0,1.0,0.0,1.0,1.0,0.0,1.0,1.0,0.0,1.0,1.0,0.0,1.0,0.8325546108955673,0.0,1.0,0.8325546109832718,0.0,1.0,0.8325546089994316,0.0,1.0,0.0,0.0,1.0,0.8325546103790555,0.0,1.0,0.8325546104096492,0.0
15,shut・god・oh my godd・golaazoo,0.9374239420316577,0.8769145744083217,0.0,0.8325546098648383,0.5621585366571643,0.0,0.8325546087582903,0.6101236190438665,0.0,1.0,1.0,0.0,0.6346395825206409,0.4415698507829047,0.0,0.83255460977783,0.5364347920010321,0.0,1.0,1.0,0.0,1.0,1.0,0.0,1.0,1.0,0.0,0.7916775450920431,0.6248295415315979,0.0,0.8325546094520135,0.6485459082737344,0.0,1.0,1.0,0.0,0.8325546101644801,0.6087789883095822,0.0,0.8325546098472987,0.5400249157453474,0.0,1.0,1.0,0.0,1.0,1.0,0.0,1.0,1.0,0.0,0.8325546100765135,0.8325546102787624,0.0,1.0,1.0,0.0,0.832554609720696,0.7136436823594433,0.0,0.8325546089241703,0.5770929087155396,0.0,1.0,1.0,0.0,1.0,1.0,0.0,1.0,1.0,0.0,0.8325546092903799,0.7563218629360366,0.0,1.0,1.0,0.0,1.0,1.0,0.0,1.0,1.0,0.0,1.0,1.0,0.0,1.0,1.0,0.0,1.0,1.0,0.0,0.8325546100068023,0.48349354830325436,0.0,1.0,1.0,0.0,1.0,1.0,0.0,1.0,1.0,0.0,0.8325546102072097,0.7563218633830832,0.0,1.0,1.0,0.0,1.0,1.0,0.0,1.0,1.0,0.0,0.7671049477213944,0.7692612200531262,0.0,1.0,1.0,0.0,1.0,1.0,0.0,1.0,1.0,0.0,1.0,1.0,0.0,1.0,1.0,0.0,1.0,1.0,0.0
26,vini doing・doing 10x laugh・doing 10x・10x laugh vini,1.0,0.9806580138850695,0.0,1.0,1.0,0.0,1.0,1.0,0.0,1.0,0.4645014031926547,0.0,1.0,1.0,0.0,1.0,1.0,0.0,1.0,1.0,0.0,1.0,1.0,0.0,1.0,0.8325546108447973,0.0,1.0,1.0,0.0,1.0,1.0,0.0,1.0,1.0,0.0,1.0,1.0,0.0,1.0,1.0,0.0,1.0,1.0,0.0,1.0,1.0,0.0,1.0,1.0,0.0,1.0,1.0,0.0,1.0,1.0,0.0,1.0,1.0,0.0,1.0,1.0,0.0,1.0,1.0,0.0,1.0,1.0,0.0,1.0,1.0,0.0,1.0,1.0,0.0,1.0,1.0,0.0,1.0,1.0,0.0,1.0,1.0,0.0,1.0,1.0,0.0,1.0,0.8325546107906714,0.0,1.0,1.0,0.0,1.0,1.0,0.0,1.0,1.0,0.0,1.0,1.0,0.0,1.0,1.0,0.0,1.0,1.0,0.0,1.0,1.0,0.0,1.0,1.0,0.0,1.0,1.0,0.0,1.0,1.0,0.0,1.0,1.0,0.0,1.0,1.0,0.0,1.0,1.0,0.0,1.0,1.0,0.0,1.0,1.0,0.0,1.0,1.0,0.0
27,el madrid・del madrid・hala madrid・madrid y,0.9813051874219364,0.8877190336612067,0.0,1.0,1.0,0.0,1.0,1.0,0.0,1.0,1.0,0.0,1.0,1.0,0.0,1.0,1.0,0.0,1.0,1.0,0.0,1.0,1.0,0.0,1.0,1.0,0.0,1.0,1.0,0.0,1.0,1.0,0.0,1.0,0.7049320011797042,0.0,1.0,1.0,0.0,0.716163173844341,0.7113127862374324,0.0,0.6785780162978938,0.2155740209511534,0.0,1.0,1.0,0.0,1.0,1.0,0.0,1.0,0.7049320005991886,0.0,1.0,1.0,0.0,1.0,1.0,0.0,1.0,1.0,0.0,1.0,1.0,0.0,1.0,1.0,0.0,1.0,1.0,0.0,1.0,1.0,0.0,1.0,1.0,0.0,1.0,0.22860551444875593,0.0,1.0,0.715922850928743,0.0,1.0,1.0,0.0,1.0,1.0,0.0,1.0,0.0,0.0,1.0,1.0,0.0,1.0,1.0,0.0,1.0,1.0,0.0,1.0,1.0,0.0,1.0,1.0,0.0,0.7639922438448992,0.7215489761767631,0.0,1.0,1.0,0.0,1.0,1.0,0.0,1.0,0.2286055136030642,0.0,1.0,1.0,0.0,1.0,1.0,0.0,1.0,0.7159228506294946,0.0,1.0,1.0,0.0,1.0,1.0,0.0,1.0,1.0,0.0
30,y nada mas・y nada・mas y nada・perder,0.9962789913331221,0.9931392647276922,0.0,1.0,1.0,0.0,1.0,1.0,0.0,1.0,1.0,0.0,1.0,1.0,0.0,1.0,1.0,0.0,1.0,1.0,0.0,1.0,1.0,0.0,1.0,1.0,0.0,1.0,1.0,0.0,1.0,1.0,0.0,1.0,1.0,0.0,1.0,1.0,0.0,1.0,1.0,0.0,1.0,1.0,0.0,1.0,1.0,0.0,1.0,1.0,0.0,0.8325546099904948,0.6912669127461522,0.0,1.0,1.0,0.0,1.0,1.0,0.0,1.0,1.0,0.0,1.0,1.0,0.0,1.0,1.0,0.0,1.0,1.0,0.0,1.0,1.0,0.0,1.0,1.0,0.0,1.0,1.0,0.0,1.0,1.0,0.0,1.0,1.0,0.0,1.0,1.0,0.0,1.0,1.0,0.0,1.0,1.0,0.0,1.0,1.0,0.0,1.0,1.0,0.0,1.0,1.0,0.0,1.0,1.0,0.0,1.0,1.0,0.0,1.0,1.0,0.0,1.0,1.0,0.0,1.0,1.0,0.0,1.0,1.0,0.0,1.0,1.0,0.0,1.0,1.0,0.0,1.0,1.0,0.0,1.0,1.0,0.0,1.0,1.0,0.0
37,hala madrid hala・desde torenza hala・torenza hala madrid・hala madrid fire,0.995036774859921,0.8987780988007853,0.0,1.0,1.0,0.0,1.0,1.0,0.0,1.0,1.0,0.0,1.0,1.0,0.0,1.0,1.0,0.0,1.0,1.0,0.0,1.0,1.0,0.0,1.0,1.0,0.0,1.0,1.0,0.0,1.0,0.7049320012676907,0.0,1.0,1.0,0.0,1.0,0.0,0.0,1.0,0.0,0.0,1.0,1.0,0.0,1.0,1.0,0.0,1.0,1.0,0.0,1.0,0.8325546108179676,0.0,1.0,1.0,0.0,1.0,0.7049320013636757,0.0,1.0,0.7049320008664333,0.0,1.0,1.0,0.0,1.0,1.0,0.0,1.0,1.0,0.0,0.7766548686964481,0.8325546105986761,0.0,1.0,1.0,0.0,1.0,1.0,0.0,1.0,1.0,0.0,1.0,1.0,0.0,1.0,1.0,0.0,1.0,1.0,0.0,1.0,0.0,0.0,1.0,1.0,0.0,1.0,1.0,0.0,1.0,1.0,0.0,1.0,0.8325546109799472,0.0,1.0,1.0,0.0,1.0,1.0,0.0,1.0,1.0,0.0,1.0,0.832554610140944,0.0,1.0,1.0,0.0,1.0,1.0,0.0,1.0,1.0,0.0,1.0,1.0,0.0,1.0,1.0,0.0,1.0,1.0,0.0
39,face・smiling face・face green smiling・face green,0.9927909509575124,0.9862804549423994,0.0,1.0,1.0,0.0,1.0,1.0,0.0,1.0,1.0,0.0,1.0,1.0,0.0,1.0,1.0,0.0,1.0,1.0,0.0,1.0,1.0,0.0,1.0,1.0,0.0,1.0,1.0,0.0,1.0,1.0,0.0,1.0,1.0,0.0,1.0,1.0,0.0,0.6755927930880555,0.3826204724079712,0.0,1.0,1.0,0.0,1.0,1.0,0.0,1.0,1.0,0.0,1.0,1.0,0.0,1.0,1.0,0.0,1.0,1.0,0.0,1.0,1.0,0.0,1.0,1.0,0.0,1.0,1.0,0.0,1.0,1.0,0.0,1.0,1.0,0.0,1.0,1.0,0.0,1.0,1.0,0.0,1.0,1.0,0.0,1.0,1.0,0.0,1.0,1.0,0.0,1.0,1.0,0.0,1.0,1.0,0.0,1.0,1.0,0.0,1.0,1.0,0.0,1.0,1.0,0.0,1.0,1.0,0.0,1.0,1.0,0.0,1.0,1.0,0.0,1.0,1.0,0.0,1.0,1.0,0.0,1.0,1.0,0.0,1.0,1.0,0.0,1.0,1.0,0.0,1.0,1.0,0.0,1.0,1.0,0.0,1.0,1.0,0.0
41,face・smiling face・face green smiling・face green,0.9924482302213022,0.9887210311943736,0.0,1.0,1.0,0.0,1.0,1.0,0.0,1.0,1.0,0.0,1.0,1.0,0.0,1.0,1.0,0.0,1.0,1.0,0.0,1.0,1.0,0.0,1.0,1.0,0.0,1.0,1.0,0.0,1.0,1.0,0.0,0.6601703599586031,0.4924464037468098,0.0,1.0,1.0,0.0,1.0,1.0,0.0,1.0,1.0,0.0,1.0,1.0,0.0,1.0,1.0,0.0,1.0,1.0,0.0,1.0,1.0,0.0,1.0,1.0,0.0,1.0,1.0,0.0,1.0,1.0,0.0,1.0,1.0,0.0,1.0,1.0,0.0,1.0,1.0,0.0,1.0,1.0,0.0,1.0,1.0,0.0,1.0,1.0,0.0,1.0,1.0,0.0,1.0,1.0,0.0,1.0,1.0,0.0,1.0,1.0,0.0,1.0,1.0,0.0,1.0,1.0,0.0,1.0,1.0,0.0,1.0,1.0,0.0,1.0,1.0,0.0,1.0,1.0,0.0,1.0,1.0,0.0,1.0,1.0,0.0,1.0,1.0,0.0,1.0,1.0,0.0,1.0,1.0,0.0,1.0,1.0,0.0,1.0,1.0,0.0,1.0,1.0,0.0
44,eres・eres un・importa un carajo・importa un,1.0,0.9962789913555786,0.0,1.0,1.0,0.0,1.0,1.0,0.0,1.0,1.0,0.0,1.0,1.0,0.0,1.0,1.0,0.0,1.0,1.0,0.0,1.0,1.0,0.0,1.0,1.0,0.0,1.0,1.0,0.0,1.0,1.0,0.0,1.0,1.0,0.0,1.0,1.0,0.0,1.0,1.0,0.0,1.0,1.0,0.0,1.0,1.0,0.0,1.0,0.8325546110010362,0.0,1.0,1.0,0.0,1.0,1.0,0.0,1.0,1.0,0.0,1.0,1.0,0.0,1.0,1.0,0.0,1.0,1.0,0.0,1.0,1.0,0.0,1.0,1.0,0.0,1.0,1.0,0.0,1.0,1.0,0.0,1.0,1.0,0.0,1.0,1.0,0.0,1.0,1.0,0.0,1.0,1.0,0.0,1.0,1.0,0.0,1.0,1.0,0.0,1.0,1.0,0.0,1.0,1.0,0.0,1.0,1.0,0.0,1.0,1.0,0.0,1.0,1.0,0.0,1.0,1.0,0.0,1.0,1.0,0.0,1.0,1.0,0.0,1.0,1.0,0.0,1.0,1.0,0.0,1.0,1.0,0.0,1.0,1.0,0.0,1.0,1.0,0.0
49,zee bhai・bhai bhai・hai・kya,0.9960471513313888,0.9856075112623895,0.0,1.0,1.0,0.0,1.0,1.0,0.0,1.0,1.0,0.0,1.0,1.0,0.0,1.0,1.0,0.0,1.0,1.0,0.0,1.0,1.0,0.0,1.0,1.0,0.0,1.0,1.0,0.0,1.0,1.0,0.0,1.0,1.0,0.0,1.0,1.0,0.0,1.0,1.0,0.0,1.0,1.0,0.0,1.0,1.0,0.0,1.0,1.0,0.0,1.0,1.0,0.0,1.0,0.7325921026059611,0.0,0.8221218099124957,0.7871912935106946,0.0,1.0,1.0,0.0,1.0,1.0,0.0,1.0,1.0,0.0,1.0,1.0,0.0,1.0,1.0,0.0,1.0,0.8325546106908696,0.0,1.0,1.0,0.0,1.0,1.0,0.0,1.0,1.0,0.0,1.0,1.0,0.0,1.0,1.0,0.0,1.0,1.0,0.0,1.0,1.0,0.0,1.0,1.0,0.0,1.0,1.0,0.0,1.0,1.0,0.0,1.0,1.0,0.0,1.0,1.0,0.0,1.0,1.0,0.0,1.0,1.0,0.0,1.0,1.0,0.0,1.0,1.0,0.0,1.0,1.0,0.0,1.0,1.0,0.0,1.0,1.0,0.0,1.0,1.0,0.0
50,zee bhai・bhai bhai・hai・kya,0.9863858821214753,0.980225075069282,0.0,1.0,1.0,0.0,1.0,1.0,0.0,1.0,1.0,0.0,1.0,1.0,0.0,1.0,1.0,0.0,1.0,1.0,0.0,1.0,1.0,0.0,1.0,1.0,0.0,1.0,1.0,0.0,1.0,1.0,0.0,1.0,1.0,0.0,1.0,1.0,0.0,1.0,1.0,0.0,1.0,1.0,0.0,1.0,1.0,0.0,1.0,1.0,0.0,1.0,1.0,0.0,0.7681606125939057,0.8325546098916573,0.0,0.7866494727345202,0.44501915810931725,0.0,1.0,1.0,0.0,1.0,1.0,0.0,1.0,1.0,0.0,1.0,1.0,0.0,1.0,1.0,0.0,0.8325546101379556,0.8325546101167216,0.0,1.0,1.0,0.0,1.0,1.0,0.0,1.0,1.0,0.0,1.0,1.0,0.0,1.0,1.0,0.0,1.0,1.0,0.0,1.0,1.0,0.0,1.0,1.0,0.0,1.0,1.0,0.0,1.0,1.0,0.0,1.0,1.0,0.0,1.0,1.0,0.0,1.0,1.0,0.0,1.0,1.0,0.0,1.0,1.0,0.0,1.0,1.0,0.0,1.0,1.0,0.0,1.0,1.0,0.0,1.0,1.0,0.0,1.0,1.0,0.0
84,crycelona・messi・yo・vini messi mbappe,1.0,0.9888369740495099,0.0,1.0,1.0,0.0,1.0,1.0,0.0,1.0,1.0,0.0,1.0,1.0,0.0,1.0,1.0,0.0,1.0,1.0,0.0,1.0,1.0,0.0,1.0,1.0,0.0,1.0,1.0,0.0,1.0,1.0,0.0,1.0,1.0,0.0,1.0,1.0,0.0,1.0,1.0,0.0,1.0,1.0,0.0,1.0,1.0,0.0,1.0,1.0,0.0,1.0,1.0,0.0,1.0,1.0,0.0,1.0,1.0,0.0,1.0,1.0,0.0,1.0,1.0,0.0,1.0,1.0,0.0,1.0,1.0,0.0,1.0,1.0,0.0,1.0,1.0,0.0,1.0,1.0,0.0,1.0,0.8325546103979719,0.0,1.0,0.8325546108369434,0.0,1.0,1.0,0.0,1.0,1.0,0.0,1.0,1.0,0.0,1.0,1.0,0.0,1.0,1.0,0.0,1.0,1.0,0.0,1.0,1.0,0.0,1.0,1.0,0.0,1.0,1.0,0.0,1.0,1.0,0.0,1.0,1.0,0.0,1.0,0.832554610993028,0.0,1.0,1.0,0.0,1.0,1.0,0.0,1.0,1.0,0.0,1.0,1.0,0.0,1.0,1.0,0.0
104,real madrid・yougotthis yougotthis yougotthis・come・madrid y nada,1.0,0.9881000311730774,0.0,1.0,1.0,0.0,1.0,1.0,0.0,1.0,1.0,0.0,1.0,1.0,0.0,1.0,1.0,0.0,1.0,1.0,0.0,1.0,1.0,0.0,1.0,1.0,0.0,1.0,1.0,0.0,1.0,1.0,0.0,1.0,1.0,0.0,1.0,1.0,0.0,1.0,1.0,0.0,1.0,1.0,0.0,1.0,1.0,0.0,1.0,1.0,0.0,1.0,1.0,0.0,1.0,1.0,0.0,1.0,1.0,0.0,1.0,1.0,0.0,1.0,1.0,0.0,1.0,1.0,0.0,1.0,1.0,0.0,1.0,1.0,0.0,1.0,1.0,0.0,1.0,1.0,0.0,1.0,1.0,0.0,1.0,1.0,0.0,1.0,1.0,0.0,1.0,1.0,0.0,1.0,1.0,0.0,1.0,1.0,0.0,1.0,1.0,0.0,1.0,1.0,0.0,1.0,0.46450140278848856,0.0,1.0,1.0,0.0,1.0,1.0,0.0,1.0,1.0,0.0,1.0,1.0,0.0,1.0,1.0,0.0,1.0,1.0,0.0,1.0,1.0,0.0,1.0,1.0,0.0,1.0,1.0,0.0,1.0,1.0,0.0
151,visca barca visca・barca visca barca・barcaa visca barca・catalunya visca barca,1.0,0.9944724480464748,0.0,1.0,1.0,0.0,1.0,1.0,0.0,1.0,1.0,0.0,1.0,1.0,0.0,1.0,1.0,0.0,1.0,1.0,0.0,1.0,1.0,0.0,1.0,1.0,0.0,1.0,1.0,0.0,1.0,1.0,0.0,1.0,1.0,0.0,1.0,1.0,0.0,1.0,1.0,0.0,1.0,1.0,0.0,1.0,1.0,0.0,1.0,1.0,0.0,1.0,1.0,0.0,1.0,1.0,0.0,1.0,1.0,0.0,1.0,1.0,0.0,1.0,1.0,0.0,1.0,1.0,0.0,1.0,1.0,0.0,1.0,1.0,0.0,1.0,1.0,0.0,1.0,1.0,0.0,1.0,1.0,0.0,1.0,1.0,0.0,1.0,1.0,0.0,1.0,1.0,0.0,1.0,1.0,0.0,1.0,1.0,0.0,1.0,1.0,0.0,1.0,1.0,0.0,1.0,1.0,0.0,1.0,1.0,0.0,1.0,1.0,0.0,1.0,1.0,0.0,1.0,0.7512601620913729,0.0,1.0,1.0,0.0,1.0,1.0,0.0,1.0,1.0,0.0,1.0,1.0,0.0,1.0,1.0,0.0,1.0,1.0,0.0
200,今日のヴィニは最高だ・今日のヴィニは最高だ 今日のヴィニは最高だ・今日のヴィニは最高だ 今日のヴィニは最高だ 今日のヴィニは最高だ・正直今日のヴィニには数字ついて欲しい 正直今日のヴィニには数字ついて欲しい 正直今日のヴィニには数字ついて欲しい,1.0,0.9777777777777777,0.0,1.0,1.0,0.0,1.0,1.0,0.0,1.0,1.0,0.0,1.0,1.0,0.0,1.0,1.0,0.0,1.0,1.0,0.0,1.0,1.0,0.0,1.0,1.0,0.0,1.0,1.0,0.0,1.0,1.0,0.0,1.0,1.0,0.0,1.0,1.0,0.0,1.0,1.0,0.0,1.0,1.0,0.0,1.0,1.0,0.0,1.0,1.0,0.0,1.0,1.0,0.0,1.0,1.0,0.0,1.0,1.0,0.0,1.0,1.0,0.0,1.0,1.0,0.0,1.0,1.0,0.0,1.0,1.0,0.0,1.0,1.0,0.0,1.0,1.0,0.0,1.0,1.0,0.0,1.0,1.0,0.0,1.0,1.0,0.0,1.0,1.0,0.0,1.0,1.0,0.0,1.0,1.0,0.0,1.0,1.0,0.0,1.0,1.0,0.0,1.0,1.0,0.0,1.0,1.0,0.0,1.0,1.0,0.0,1.0,1.0,0.0,1.0,1.0,0.0,1.0,1.0,0.0,1.0,1.0,0.0,1.0,1.0,0.0,1.0,1.0,0.0,1.0,0.0,0.0,1.0,1.0,0.0,1.0,1.0,0.0
